<?xml version="1.0" encoding="UTF-8"?>
<configuration debug="true" scan="true" scanPeriod="5 seconds">

	<!--  Logback Configuration Properties - Start -->	
	<property name="log.home" 				value="C:/Temp/logs/osgi-jersey-logs" />
	<property name="log.level.root"  		value="TRACE" />
	<property name="log.level.osgi"  		value="TRACE" />
	<property name="log.history" 			value="12" />
	<property name="log.pattern" 			value="[%d{MM-dd-yyyy_HH:mm:ss.SSS_zzz}] [%-5level] [%logger{0}] - %msg%n%ex{5}" />
	<!--  Logback Configuration Properties - End   -->
	
	<appender name="OSGI-JERSEY_CONSOLE_APPENDER" class="ch.qos.logback.core.ConsoleAppender">
		<encoder class="ch.qos.logback.classic.encoder.PatternLayoutEncoder">
			<pattern>${log.pattern}</pattern>
		</encoder>
	</appender>
	
	<appender name="OSGI-JERSEY_FILE_APPENDER" class="ch.qos.logback.core.rolling.RollingFileAppender">
		<rollingPolicy class="ch.qos.logback.core.rolling.TimeBasedRollingPolicy">
			<fileNamePattern>${log.home}/osgi.jersey.%d{yyyy-MM}.log</fileNamePattern>
			<maxHistory>${log.history}</maxHistory>
			<cleanHistoryOnStart>true</cleanHistoryOnStart>
		</rollingPolicy>
		<encoder class="ch.qos.logback.classic.encoder.PatternLayoutEncoder">
			<pattern>${log.pattern}</pattern>
		</encoder>
	</appender>
	
	<logger name="com.att.detspe.osgi" level="${log.level.osgi}" additivity="false">
		<appender-ref ref="OSGI-JERSEY_CONSOLE_APPENDER" />
		<appender-ref ref="OSGI-JERSEY_FILE_APPENDER" />
	</logger>
	
	<root level="${log.level.root}" >
		<appender-ref ref="OSGI-JERSEY_CONSOLE_APPENDER" />
		<appender-ref ref="OSGI-JERSEY_FILE_APPENDER" />
	</root>
	
</configuration>
